<?xml version="1.0" encoding="UTF-8"?>
<config xmlns="http://www.knime.org/2008/09/XMLConfig" xmlns:xsi="http://www.w3.org/2001/XMLSchema-instance" xsi:schemaLocation="http://www.knime.org/2008/09/XMLConfig http://www.knime.org/XMLConfig_2008_09.xsd" key="MiningSchema">
    <config key="learning">
        <entry key="array-size" type="xint" value="17"/>
        <entry key="0" type="xstring" value="Apps"/>
        <entry key="1" type="xstring" value="Accept"/>
        <entry key="2" type="xstring" value="Enroll"/>
        <entry key="3" type="xstring" value="Top10perc"/>
        <entry key="4" type="xstring" value="Top25perc"/>
        <entry key="5" type="xstring" value="F.Undergrad"/>
        <entry key="6" type="xstring" value="P.Undergrad"/>
        <entry key="7" type="xstring" value="Outstate"/>
        <entry key="8" type="xstring" value="Room.Board"/>
        <entry key="9" type="xstring" value="Books"/>
        <entry key="10" type="xstring" value="Personal"/>
        <entry key="11" type="xstring" value="PhD"/>
        <entry key="12" type="xstring" value="Terminal"/>
        <entry key="13" type="xstring" value="S.F.Ratio"/>
        <entry key="14" type="xstring" value="perc.alumni"/>
        <entry key="15" type="xstring" value="Expend"/>
        <entry key="16" type="xstring" value="Grad.Rate"/>
    </config>
    <config key="target">
        <entry key="array-size" type="xint" value="0"/>
    </config>
</config>
